<?xml version='1.0' encoding='UTF-8' ?>
<timeLogEntries>
  <time id="1" path="/Proyecto1/PSP0/Planning" start="@1569018171497" delta="34" />
  <time id="2" path="/Proyecto1/PSP0/Planning" start="@1569190488158" delta="45" />
  <time id="3" path="/Proyecto1/PSP0/Planning" start="@1569418088942" delta="3" />
  <time id="4" path="/Proyecto1/ProyectoBPPSP1/Planning" start="@1570141721071" delta="12" />
  <time id="5" path="/Proyecto1/ProyectoBPPSP1/Planning" start="@1570142653945" delta="6" />
  <time id="6" path="/Proyecto1/ProyectoBPPSP1/Planning" start="@1570218059753" delta="46" />
  <time id="7" path="/Proyecto1/ProyectoBPPSP1/Code" start="@1570220842923" delta="24" />
  <time id="8" path="/Proyecto1/ProyectoBPPSP1/Design" start="@1570227157964" delta="31" />
  <time id="9" path="/Proyecto1/ProyectoBPPSP1/Design" start="@1570299966408" delta="19" />
  <time id="10" path="/Proyecto1/ProyectoBPPSP1/Design" start="@1570655167107" delta="87" />
  <time id="11" path="/Proyecto1/ProyectoBPPSP1/Code" start="@1570660411684" delta="1" />
  <time id="12" path="/Proyecto1/ProyectoBPPSP1/Compile" start="@1570660411841" delta="3" />
  <time id="13" path="/Proyecto1/PSP2/Planning" start="@1571864828940" delta="70" />
  <time id="14" path="/Proyecto1/PSP2/Design" start="@1571869040653" delta="13" />
  <time id="15" path="/Proyecto1/PSP2/Design" start="@1572118083016" delta="13" />
  <time id="16" path="/Proyecto1/PSP2/Design" start="@1572123979853" delta="21" />
  <time id="17" path="/Proyecto1/PSP2/Planning" start="@1572126499882" delta="8" />
  <time id="18" path="/Proyecto1/PSP2/Planning" start="@1572270557695" delta="5" />
  <time id="19" path="/Proyecto/PSP0VentaBoletoCine/Planning" start="@1631630164398" delta="60" interrupt="1" />
  <time id="20" path="/Proyecto/PSP0VentaBoletoCine/Planning" start="@1631718859338" delta="17" />
  <time id="21" path="/Proyecto/PSP0VentaBoletoCine/Design" start="@1631719876871" delta="8" />
  <time id="22" path="/Proyecto/PSP0VentaBoletoCine/Design" start="@1631724764558" delta="15" />
  <time id="23" path="/Proyecto/PSP0VentaBoletoCine/Code" start="@1631725639207" delta="47" />
  <time id="24" path="/Proyecto/PSP0VentaBoletoCine/Code" start="@1631737547441" delta="5" />
  <time id="25" path="/Proyecto/PSP0VentaBoletoCine/Code" start="@1631740042981" delta="61" />
  <time id="26" path="/Proyecto/PSP0VentaBoletoCine/Code" start="@1631812942065" delta="26" />
  <time id="27" path="/Proyecto/PSP0VentaBoletoCine/Code" start="@1631820272383" delta="41" />
  <time id="28" path="/Proyecto/PSP0VentaBoletoCine/Code" start="@1631996554758" delta="193" />
  <time id="29" path="/Proyecto/PSP0VentaBoletoCine/Compile" start="@1632008167155" delta="2" />
  <time id="30" path="/Proyecto/PSP0VentaBoletoCine/Compile" start="@1632077692666" delta="31" interrupt="1" />
  <time id="31" path="/Proyecto/PSP0VentaBoletoCine1/Planning" start="@1632232375466" delta="50" />
  <time id="32" path="/Proyecto/PSP0VentaBoletoCine1/Design" start="@1632235403687" delta="28" />
  <time id="33" path="/Proyecto/PSP0VentaBoletoCine1/Design" start="@1632243760327" delta="19" />
  <time id="34" path="/Proyecto/PSP0VentaBoletoCine1/Design" start="@1632333161809" delta="80" />
  <time id="35" path="/Proyecto/PSP0VentaBoletoCine1/Code" start="@1632341555783" delta="49" />
  <time id="36" path="/Proyecto/PSP0VentaBoletoCine1/Code" start="@1632403528232" delta="107" />
  <time id="37" path="/Proyecto/PSP0VentaBoletoCine1/Compile" start="@1632755548449" delta="8" />
  <time id="38" path="/Proyecto/PSP1VentaBoletoCine1/Planning" start="@1632948952427" delta="15" />
  <time id="39" path="/Proyecto/PSP1VentaBoletoCine1/Planning" start="@1633037218231" delta="95" />
  <time id="40" path="/Proyecto/PSP1VentaBoletoCine1/Design" start="@1633043021618" delta="5" interrupt="1" />
  <time id="41" path="/Proyecto/PSP1VentaBoletoCine1/Design" start="@1633355694856" delta="5" />
  <time id="42" path="/Proyecto/PSP1VentaBoletoCine1/Design" start="@1633356363826" delta="18" />
  <time id="43" path="/Proyecto/PSP1MediaYDesviacion/Planning" start="@1633357443891" delta="3" />
  <time id="44" path="/Proyecto/PSP1MediaYDesviacion/Planning" start="@1633357687202" delta="16" />
  <time id="45" path="/Proyecto/PSP1MediaYDesviacion/Design" start="@1633358667136" delta="13" />
  <time id="46" path="/Proyecto/PSP1MediaYDesviacion/Code" start="@1633359456326" delta="17" />
  <time id="47" path="/Proyecto/PSP1MediaYDesviacion/Compile" start="@1633360497214" delta="5" />
  <time id="48" path="/Proyecto/PSP1MediaYDesviacion/Test" start="@1633360811072" delta="4" />
  <time id="49" path="/Proyecto/PSP1MediaYDesviacion/Compile" start="@1633361038483" delta="6" />
  <time id="50" path="/Proyecto/PSP1VentaBoletoCine1/Design" start="@1633361540341" delta="3" />
  <time id="51" path="/Proyecto/PSP1VentaBoletoCine1/Design" start="@1633366264838" delta="6" />
  <time id="52" path="/Proyecto/PSP1VentaBoletoCine1/Design" start="@1633366771555" delta="18" />
  <time id="53" path="/Proyecto/PSP1VentaBoletoCine1/Code" start="@1633367823662" delta="12" />
  <time id="54" path="/Proyecto/PSP1VentaBoletoCine1/Code" start="@1633369013226" delta="29" />
  <time id="55" path="/Proyecto/PSP1VentaBoletoCine1/Code" start="@1633372466921" delta="45" />
  <time id="56" path="/Proyecto/PSP1VentaBoletoCine1/Code" start="@1633445575402" delta="55" />
  <time id="57" path="/Proyecto/PSP1VentaBoletoCine1/Code" start="@1633456347698" delta="28" />
  <time id="58" path="/Proyecto/PSP1VentaBoletoCine1/Compile" start="@1633458017276" delta="6" />
  <time id="59" path="/Proyecto/PSP1VentaBoletoCine1/Test" start="@1633458506804" delta="9" />
  <time id="60" path="/Proyecto/PSP1VentaBoletoCine1/Postmortem" start="@1633541866909" delta="42" />
  <time id="61" path="/Proyecto/PSP1VentaBoletoCine1/Postmortem" start="@1633613645676" delta="1" />
  <time id="62" path="/Proyecto/PSP1VentaBoletoCine1/Postmortem" start="@1636645358861" delta="2" />
  <time id="63" path="/Proyecto/PSP2VentaBoletoCine1/Planning" start="@1636650906813" delta="20" />
  <time id="64" path="/Proyecto/PSP2VentaBoletoCine1/Planning" start="@1636666074654" delta="3" />
  <time id="65" path="/Proyecto/PSP2VentaBoletoCine1/Design" start="@1636666245453" delta="4" />
  <time id="66" path="/Proyecto/PSP2VentaBoletoCine1/Design" start="@1636986772997" delta="47" />
  <time id="67" path="/Proyecto/PSP2VentaBoletoCine1/Design Review" start="@1636989610516" delta="17" />
  <time id="68" path="/Proyecto/PSP2VentaBoletoCine1/Code" start="@1636990643916" delta="8" />
  <time id="69" path="/Proyecto/PSP2VentaBoletoCine1/Code" start="@1636991949541" delta="54" />
  <time id="70" path="/Proyecto/PSP2VentaBoletoCine1/Code" start="@1637004814618" delta="84" />
  <time id="71" path="/Proyecto/PSP2VentaBoletoCine1/Code Review" start="@1637009851314" delta="10" />
  <time id="72" path="/Proyecto/PSP2VentaBoletoCine1/Compile" start="@1637010455189" delta="14" />
  <time id="73" path="/Proyecto/PSP2VentaBoletoCine1/Test" start="@1637011295129" delta="3" />
  <time id="74" path="/Proyecto/PSP2VentaBoletoCine1/Planning" start="@1637013022426" delta="9" />
  <time id="75" path="/Proyecto/PSP2VentaBoletoCine1/Planning" start="@1637013550932" delta="8" />
  <time id="76" path="/Proyecto/PSP2VentaBoletoCine1/Test" start="@1637016874771" delta="5" />
</timeLogEntries>
