<?xml version='1.0' encoding='UTF-8' ?>
<timeLogEntries>
  <time id="1" path="/Proyecto1/PSP0/Planning" start="@1569018171497" delta="34" />
  <time id="2" path="/Proyecto1/PSP0/Planning" start="@1569190488158" delta="45" />
  <time id="3" path="/Proyecto1/PSP0/Planning" start="@1569418088942" delta="3" />
  <time id="4" path="/Proyecto1/ProyectoBPPSP1/Planning" start="@1570141721071" delta="12" />
  <time id="5" path="/Proyecto1/ProyectoBPPSP1/Planning" start="@1570142653945" delta="6" />
  <time id="6" path="/Proyecto1/ProyectoBPPSP1/Planning" start="@1570218059753" delta="46" />
  <time id="7" path="/Proyecto1/ProyectoBPPSP1/Code" start="@1570220842923" delta="24" />
  <time id="8" path="/Proyecto1/ProyectoBPPSP1/Design" start="@1570227157964" delta="31" />
  <time id="9" path="/Proyecto1/ProyectoBPPSP1/Design" start="@1570299966408" delta="19" />
  <time id="10" path="/Proyecto1/ProyectoBPPSP1/Design" start="@1570655167107" delta="87" />
  <time id="11" path="/Proyecto1/ProyectoBPPSP1/Code" start="@1570660411684" delta="1" />
  <time id="12" path="/Proyecto1/ProyectoBPPSP1/Compile" start="@1570660411841" delta="3" />
  <time id="13" path="/Proyecto1/PSP2/Planning" start="@1571864828940" delta="70" />
  <time id="14" path="/Proyecto1/PSP2/Design" start="@1571869040653" delta="13" />
  <time id="15" path="/Proyecto1/PSP2/Design" start="@1572118083016" delta="13" />
  <time id="16" path="/Proyecto1/PSP2/Design" start="@1572123979853" delta="21" />
  <time id="17" path="/Proyecto1/PSP2/Planning" start="@1572126499882" delta="8" />
  <time id="18" path="/Proyecto1/PSP2/Planning" start="@1572270557695" delta="5" />
  <time id="19" path="/Proyecto/PSP0VentaBoletoCine/Planning" start="@1631630164398" delta="60" interrupt="1" />
  <time id="20" path="/Proyecto/PSP0VentaBoletoCine/Planning" start="@1631718859338" delta="17" />
  <time id="21" path="/Proyecto/PSP0VentaBoletoCine/Design" start="@1631719876871" delta="8" />
  <time id="22" path="/Proyecto/PSP0VentaBoletoCine/Design" start="@1631724764558" delta="15" />
  <time id="23" path="/Proyecto/PSP0VentaBoletoCine/Code" start="@1631725639207" delta="47" />
  <time id="24" path="/Proyecto/PSP0VentaBoletoCine/Code" start="@1631737547441" delta="5" />
  <time id="25" path="/Proyecto/PSP0VentaBoletoCine/Code" start="@1631740042981" delta="61" />
  <time id="26" path="/Proyecto/PSP0VentaBoletoCine/Code" start="@1631812942065" delta="26" />
  <time id="27" path="/Proyecto/PSP0VentaBoletoCine/Code" start="@1631820272383" delta="41" />
  <time id="28" path="/Proyecto/PSP0VentaBoletoCine/Code" start="@1631996554758" delta="193" />
  <time id="29" path="/Proyecto/PSP0VentaBoletoCine/Compile" start="@1632008167155" delta="2" />
  <time id="30" path="/Proyecto/PSP0VentaBoletoCine/Compile" start="@1632077692666" delta="31" interrupt="1" />
  <time id="31" path="/Proyecto/PSP0VBCine/Planning" start="@1632232375466" delta="50" />
  <time id="32" path="/Proyecto/PSP0VBCine/Design" start="@1632235403687" delta="28" />
  <time id="33" path="/Proyecto/PSP0VBCine/Design" start="@1632243760327" delta="19" />
  <time id="34" path="/Proyecto/PSP0VBCine/Design" start="@1632333161809" delta="80" />
  <time id="35" path="/Proyecto/PSP0VBCine/Code" start="@1632341555783" delta="49" />
  <time id="36" path="/Proyecto/PSP0VBCine/Code" start="@1632403528232" delta="107" />
</timeLogEntries>
